uuid,pokemon_id,ability_id,is_hidden,slot
000e8e39-9e85-4f29-a88b-6a2c8806c234,297,62,0,2
0030e784-f30a-4b9c-ba5e-b6e6a9147b88,139,133,1,3
00adbdd2-4097-4b96-b812-a0506c89b37c,78,49,1,3
00ba167d-3698-4aec-a927-4798d810ff17,350,56,1,3
00c77d46-f778-4e68-acd8-9c898ed50a83,214,68,0,1
01215747-f649-4bb1-b6ec-66157734c286,221,47,1,3
01505a0e-66a6-4d39-90e9-6979e39a853c,16,77,0,2
0151140d-f0ce-49af-a570-ed1f4d36c81d,277,62,0,1
019c70f9-fa6f-48e4-b29c-9ce496913c50,322,20,1,3
01ae4194-19c4-4f31-8078-17eaacae4625,108,20,0,1
01b9be09-a54c-40ac-ba34-2e81dbfd3ddc,48,110,0,2
01cf386d-6a2d-4732-9735-04f8596c68f9,331,11,1,3
02de3efd-9686-4831-8e07-b921d998b455,10,19,0,1
0320839e-51ee-410a-8be6-912c70f2989f,240,72,1,3
03ff56c9-3d52-46ea-8da3-10accded8b71,246,8,1,3
04fe1da3-87d0-4850-a08b-14bf05f718df,264,82,0,2
051470ad-20fc-4b25-89ff-e2c08e466c63,143,47,0,2
052dfc99-975a-41fe-9372-f9278cf07b15,74,69,0,1
053ab5b8-b70c-4bcd-a04e-8f9b18b7444d,6,94,1,3
05fbf1f6-7a72-4e8f-be10-1e152e3b7672,127,153,1,3
0658ad82-8b6f-466f-a651-fc91e759221a,230,6,1,3
06721cfe-63ce-425d-a193-0e26c88100dc,244,46,0,1
0721137e-4c6b-4494-a365-fd0bb4bfccc2,174,132,1,3
07339bc8-196e-4d90-b818-17762ca9f27d,366,155,1,3
076ec119-9a72-4338-ac76-84b2e09e8930,186,2,1,3
07a7d47b-e96e-41d4-8815-b7e39488563f,193,119,1,3
08521cce-0318-40ea-875d-4cf1aab69956,41,151,1,3
086a7ff7-2b49-49cf-ae1e-ba6a5dcdebcf,35,132,1,3
088021e2-e492-46d4-a8c8-0207fa342bf5,298,157,1,3
097bfc35-ea35-4a39-9831-9cb0800bf9af,59,22,0,1
09b06db3-3cb5-4a2a-b9da-ecfedb7311a7,207,17,1,3
09c6e2a1-143e-4d1a-8ddd-46117de00863,87,47,0,1
0a30720e-f67c-4877-a7aa-56542ab40f94,323,83,1,3
0a31a4fc-6a7d-4281-a8dc-0834a2e048ee,249,136,1,3
0a3c4919-38c1-4b93-96a3-0c5bd5a8bcd5,18,77,0,2
0b02a937-1bb7-46c5-a76d-acde9d122271,230,33,0,1
0b476a3b-db7f-4406-b03e-e879f65b5a5a,197,39,1,3
0b614de2-e211-4187-8db5-e86bc26d9373,144,46,0,1
0b7ae889-06cd-49d6-8014-d8c3b8bc33cd,271,33,0,1
0b877cfe-c455-4c8e-a02c-649ee6cacbaf,12,110,1,3
0c21ea8c-0c57-4724-9de2-6c34e22bc9b5,33,38,0,1
0c3fc259-c498-4e8b-9b1a-85602919877f,207,52,0,1
0c9bf1c2-14d8-4e10-abd7-516f795dcf95,162,51,0,2
0c9c439b-76cf-46d7-a1fb-1d75f23b910a,199,12,0,1
0d42215c-b346-4607-a607-70a76207f8f0,57,128,1,3
0d602139-a083-4134-9ee3-4f0c61264f97,339,93,1,3
0d891bdb-711f-4e6c-af72-63a29f46870f,220,81,0,2
0f0d86c9-dcec-4804-9fe9-1d6b3006a7c2,380,26,0,1
0f427f8e-9720-42a5-917c-64fbe73d1b61,97,39,1,3
1006b7f8-250d-4c4c-8054-ea9070c83791,325,20,0,2
1013ba67-e6ca-421f-9acb-5a7d0a925d85,308,140,1,3
10614bd1-e07e-4e98-81c2-4e8b5e8ae557,168,68,0,1
106b5144-51ef-4f75-8446-d8bcbbd95c57,339,12,0,1
10709f9a-686a-49ab-8d62-079aae79e462,167,15,0,2
1088be68-442f-4cec-b24a-22830c6a16a9,260,67,0,1
10e67df2-ff52-44d3-a30a-f981dc73a120,25,9,0,1
10f637b3-b9b7-4983-8c55-8dfe084f90f7,207,8,0,2
11127786-fa3d-48bb-b3d3-51f33d437796,229,18,0,2
11d6307c-fb90-4b03-adc8-9b36e5736b80,88,60,0,2
128e0a26-05d7-4960-80d3-261e79b9cc66,319,24,0,1
12a6394e-1ba6-4b02-a9bb-85c3e9e22acb,281,140,1,3
12bd6048-9efa-4467-8846-c2415d6a5668,266,61,0,1
12c87bb5-0c2b-4cb4-958b-4bccd8ae09bf,296,125,1,3
1328a0ba-71d0-4901-9a71-5c4d577198f6,236,72,1,3
1388b38d-a619-4aee-92da-d748c387c1f7,384,76,0,1
13aa7f53-f57e-43ab-81f5-b6699184e424,219,40,0,1
13eefe97-2cb6-4e14-b8ba-50d4c0015ddb,193,14,0,2
14e5ceb0-779c-4a9a-b694-6a45d4134ded,35,56,0,1
1529ba02-ecc7-4b0c-9f43-b1db1896dd77,53,127,1,3
16816aeb-cb3e-44ce-8e72-4180335b84f5,278,51,0,1
174820bc-9603-4a9d-814d-e5d4987fc35b,284,22,0,1
17703d16-ac76-4307-8131-69813ca5c95b,300,147,1,3
179d8d8a-3219-4d54-b81d-1a93699bc31a,61,33,1,3
17eb97eb-8e07-4b8f-8258-85b0f613515c,66,62,0,1
1890c96a-bfa4-4efb-836c-d666d0b5b796,32,55,1,3
1916ff7d-5ab6-4d63-8f1b-148dfcf8337d,87,93,0,2
192cdd83-337b-4903-8501-4f4ccee0eedd,191,48,1,3
1987eb33-e23a-4cf5-aff0-e42ac46efb05,176,105,1,3
19f8d7f2-5883-4d15-bae3-0e192fc7da7c,215,124,1,3
1a1391bf-801f-4ab7-8910-6935c3ad0ab5,290,14,0,1
1a42e19d-5119-4a15-8aad-72cd72f5def7,348,4,0,1
1a4ed16e-e06f-4878-a93e-c022002e27d2,28,8,0,1
1a995c59-5062-4014-b27d-b93a964d2615,194,6,0,1
1ab769d9-0b39-458f-a23d-4ce560c53a49,299,5,0,1
1afabafc-d7d0-4a17-8b9b-ca670f99aed9,75,8,1,3
1b2e1caa-ea4a-4ced-8bd4-ca4ff189e1c9,202,23,0,1
1b48c7ec-9859-455f-8ab4-257d5ce7ec25,314,158,1,3
1bb57a0e-04f9-441a-bc15-e7206d6543ec,43,34,0,1
1bfcde60-1860-4e71-bc07-d32314f63371,17,51,0,1
1c0ba34c-09ef-444a-a5c2-0a800a212581,82,42,0,1
1c469a7c-41a4-4a7a-868d-eb6d4265d421,30,79,0,2
1cb217b7-3828-45a1-bfff-e96ef5502a49,206,50,0,2
1d1eb2e8-041b-4cb5-b50b-422322cdeeab,139,75,0,2
1d7583c3-0321-4151-9da3-40198dc59f4e,238,93,1,3
1d81c48d-b0e3-44f2-bf60-f6701ee4b0da,346,21,0,1
1daf8501-30cf-45fd-8f02-50f27cb9260b,156,18,1,3
1dc4ad61-7919-4524-9028-925a99918e93,196,28,0,1
1e16c23b-ee77-46b2-8e97-d1872d445d4f,58,154,1,3
1e70c4a3-d411-41b5-8223-ec44d266b74f,149,136,1,3
1f37793b-09e1-41b8-83b1-9d47da22c618,240,49,0,1
1f468151-5245-40c4-b812-2242611428c0,352,16,0,1
1f9880fa-1ae9-4f9e-8899-7ad1d14b3590,171,35,0,2
1fa7280d-a68d-4b73-92a0-66e9c8ffe8ae,376,135,1,3
1fd3bd6d-6008-4681-8475-c4c7adb1f1d1,27,146,1,3
2002fbeb-ef3b-499d-88b8-a97a9a64cd17,165,48,0,2
2031faf6-6ec7-40bd-be56-35c21027088b,87,115,1,3
2047c5a5-aafd-42aa-bf85-c6f40e16c8dc,216,53,0,1
204d7315-0d41-42d5-8d8d-73805c75cdc6,212,101,0,2
21188fed-6194-4f0b-89f6-061bd9b98d4a,173,98,0,2
21593c54-6e9b-48aa-b297-80d860b5c9d1,314,12,0,1
21ee8594-2069-4b58-9437-b90bbfa46982,211,33,0,2
220c40e5-8f40-4930-a730-a5d40da0a8ca,100,106,1,3
223d8f45-41e5-4e2b-9d7e-02685f3bff5a,224,141,1,3
225fa90e-e18d-4320-8f6c-089f1f9b7b4d,96,108,0,2
228411dd-9c63-4305-836d-f3cfe043f68c,336,61,0,1
229226db-5aba-4530-bb7e-6316ee900130,233,148,1,3
22966bbb-bd72-45b4-8b6b-fdf395917d2f,48,50,1,3
22b50121-4d21-4a5f-9224-d28881bda503,76,69,0,1
22d65527-56eb-4499-a077-9e194696599d,209,50,0,2
23461aa1-774a-4ba9-b910-03b88cd30266,45,34,0,1
24846d05-99e5-412f-9e47-37bb1750e46f,55,6,0,1
2487cf95-24b9-4a81-9889-0ebb6c043121,84,50,0,1
24ca89c9-ceb1-40dd-9a3e-fad826de01c6,201,26,0,1
24ebde63-35cd-4ecb-bcb9-1ebc1f14030f,181,9,0,1
25085f60-bcd1-408d-81bf-8b68c52f2193,276,113,1,3
2578c01d-996f-4a1d-a98d-92db6a94a2b2,96,15,0,1
25ff1bac-22d7-44dd-81e0-62c018918fe6,75,69,0,1
26441f39-b3a0-4de7-9afc-07b9b634508c,130,153,1,3
26d98968-85db-4b67-aed7-ad37060401d4,202,140,1,3
26fda929-0a88-4001-8553-82830e34627c,63,98,1,3
270245e1-c0c9-4028-9ac0-e0408b3c90bf,257,3,1,3
277eeafd-8ba9-4b2a-a785-60ce993c2ef7,105,31,0,2
27e1448a-3383-419b-9317-505ba3da2204,17,145,1,3
27e925a2-947d-4f70-9ed4-439d385fcc3a,284,127,1,3
27f6e02a-37c1-4011-8914-fbbf4a50c2a0,140,4,0,2
2841439a-e946-410d-a322-e0a857ec9d08,300,56,0,1
285dfd4c-df0a-481b-88bc-8e6af4e896e5,301,56,0,1
28776c0d-e500-4fdf-bb32-0480bc5efe90,378,115,1,3
29415837-8d83-40c4-8ef5-221ef6869f84,109,26,0,1
296c5807-b018-4772-8a3c-e9838ef72d7d,46,27,0,1
29713635-ae8b-465f-9732-b25c70a0002c,29,55,1,3
2991be49-d2c4-4395-a320-aa43d50c912a,159,67,0,1
29abcffa-17c6-47fd-98bc-ab10300547c4,116,97,0,2
29c1d8a3-a238-4b91-8f84-a59297e1490b,73,29,0,1
29d2a789-447d-4e0e-aced-af9edbe10eb3,296,62,0,2
29f84896-9bb4-4283-9280-334d60a77faf,329,26,0,1
2a1d925f-56d1-4281-8368-70a2f4548808,89,1,0,1
2a94acaf-6010-4f8c-ae5c-6d8cf27f5565,59,154,1,3
2ac33012-f523-43f1-891d-2c3b939dace3,209,155,1,3
2aecd327-7fd8-46f0-8862-54d1886a2330,3,65,0,1
2b0f1564-81b9-4f68-bdf8-21dab74f7365,34,79,0,2
2b967a1f-77f4-458f-b7eb-491abac16e05,250,46,0,1
2b9bcb6a-ccbb-4bd8-8cfd-151722583326,164,51,0,2
2bd137b6-1e9f-439e-9708-dd2d3afb849d,304,5,0,1
2c2ee76c-b5c7-4b84-bf6a-450fac70dcd2,192,34,0,1
2c60603e-93dc-4dde-968c-2d26b1928f6b,325,82,1,3
2d46cd33-4c6e-4bea-ad1c-5584313a481b,49,19,0,1
2db58340-0b25-4ddd-87ba-509ce47e3474,275,124,1,3
2ddb010e-b8fe-49b3-92da-17ad904531ab,188,102,0,2
2de0d32c-9a81-43e8-ae29-1fe660a8cfbc,312,10,1,3
2def3fae-5732-48c9-928d-080468a92bd8,322,12,0,1
2e411fd6-b0bf-4454-b9d7-08817c69a432,32,79,0,2
2e479656-538a-4196-9bb6-0360b8b6fed5,34,38,0,1
2e609b6a-7f2d-4d99-89cb-b3ecf5c2faa0,310,58,1,3
2ea3a669-0d2d-46fc-b191-bce85f2432b8,4,66,0,1
2ec12744-96b0-473e-b6d0-e86f06fd45f9,310,31,0,2
2f026b45-74fa-44b5-9830-2edf9ac74537,81,148,1,3
2f2d8cec-e1a8-4ac1-9c42-07ab7f05d75c,15,97,1,3
2f9bb7df-959f-4f28-951d-e91d3a18657c,226,41,1,3
2fbd4185-610e-4f2c-83c0-dc4879569ce5,225,55,0,2
2fc29a73-9e41-4a6e-85f2-946fe7fd70f0,367,41,1,3
2fc5bc1b-b7b4-4881-97f3-12b062e3ed7c,149,39,0,1
2fe439b5-d86f-4175-8134-5c9a68326c0c,244,39,1,3
301d2ba5-5fd2-4b9d-9949-6e448f45a735,182,34,0,1
30851e54-70da-43aa-8ffb-53fadaef6362,163,110,1,3
3107190c-c671-4245-83bb-768d4c6d3942,5,66,0,1
312f957b-c023-4a54-baa0-73916a0e6e76,22,97,1,3
315bdd6f-4130-4830-9e13-2590926426bc,95,133,1,3
316e4a7c-d584-4f10-82cb-2ae5e0e78c55,359,46,0,1
31a0677f-8766-4882-bd9e-d8b2bcd8f171,317,60,0,2
31c38ae3-3e2c-4621-b8bc-f54c119a0481,195,6,0,1
31cf9271-08fe-4176-ba4f-22c5b76e298c,66,99,0,2
31e0a3e4-caa2-4c6b-814f-4595958b3414,39,56,0,1
322ba91a-efce-4cbc-b281-2cd05b02302a,20,62,0,2
3272bd1b-cb89-4722-9fbd-9d3f8aed4952,271,20,1,3
328a7611-5f5e-4dec-b421-e291571bb56f,194,11,0,2
32bcc21b-0db6-4d17-879a-f7623efc143e,120,148,1,3
32bf39b6-b5be-4e4d-b6d5-0d1dc7423c7c,218,133,1,3
33041093-9711-4056-91f5-47891b2b55bb,347,33,1,3
331adf08-b1aa-4db1-80ca-210d20a14c24,321,12,0,2
338e99a2-61bb-4576-98cb-596ab480752f,5,94,1,3
33a9ffa5-03e5-4b5e-9367-a2ad0b224e83,319,3,1,3
33c2af58-f0b1-45d4-a8c3-eba704ac1ff3,204,5,0,1
344b4c28-34d0-429b-a765-d39ee9ad35dc,364,115,0,2
34582fb3-0918-438a-b58a-76a1cb5fc261,104,69,0,1
34ef926f-bb19-4041-b4c4-d52835f2251b,134,11,0,1
353ba361-9641-44ad-9da5-59383618c828,95,5,0,2
353ce8d8-4857-4145-a1bd-c11501ce79b8,209,22,0,1
35416761-0660-419d-97de-9a84115e7be4,181,57,1,3
3555b56b-5270-479f-88aa-a62ae49fe5fc,208,69,0,1
3637f541-1a2a-4138-ad05-e4fd949c0303,37,18,0,1
366aed98-59bc-4486-a4eb-18b46070f315,309,9,0,1
36ea5db2-bdd7-448e-b597-e9013a8ebe68,100,43,0,1
374cda37-9b9b-4fa2-8cdd-4494b89f673b,177,156,1,3
376c506c-1f1a-4b82-b6c5-af57c0a2ccfb,328,125,1,3
3774a093-fd0f-45e4-93da-31905a0d6f07,102,139,1,3
37766063-08c7-481b-97ff-e88ecae6bfa4,227,133,1,3
378e781a-8bb3-48fc-bc5a-c24cd45e2572,275,48,0,2
37919b18-96fe-41da-9a1c-a2235587de13,51,8,0,1
384156af-3103-44e0-bb53-dcfce9bddb6f,276,62,0,1
38807a02-2f29-4c46-b61d-81bcf9b5144f,33,79,0,2
3894274f-4d67-496b-a812-c17ec1735e96,86,47,0,1
38af0f33-acea-4367-9616-30f89fb79575,326,20,0,2
38b87642-87a9-4adf-a8b2-1c4efaf08a35,349,33,0,1
38ffb4fe-95b9-4161-89f9-991813a41508,255,3,1,3
397e6e14-d856-453c-9940-92721fe98a58,163,51,0,2
39827291-0bab-4611-9062-bff732325b64,359,105,0,2
39ca3773-6c73-4936-b53b-f05ebee025e5,118,31,1,3
39d7536c-9c79-4892-8cd0-4049c1024a5d,114,144,1,3
3a282422-b60b-4f82-940b-d83f4c3bbed0,282,28,0,1
3a84b9aa-b274-4e7a-8d9b-19346145ca0c,99,125,1,3
3aa78be0-5e1a-42ea-8b4a-3f12cae44411,210,155,1,3
3abe7c6a-465e-40e9-84f2-9779d85e4f34,259,6,1,3
3b70d826-5a18-4417-be7f-30b1801bd8e3,258,67,0,1
3b819684-8ff3-40fa-a7de-7e7443bb516b,352,168,1,3
3beb2d6a-4012-4e1b-b29f-34c49ba0a265,121,30,0,2
3c2e18af-65e0-4a8f-a6cc-9d0c4108a263,91,75,0,1
3c5e65e0-3a52-400a-9eb7-1bec596bf786,218,40,0,1
3c5ef957-1394-47b4-ac97-7f23e91ee43b,354,130,1,3
3cb90b1f-62e6-4a2a-a307-93e8c957baf7,80,144,1,3
3cc410ba-59e4-4ba8-bf72-370efafd4e79,152,65,0,1
3cd86262-2236-402c-9bdb-c11c76a13375,245,39,1,3
3cec5bde-632d-4264-a98c-a8cd7fd06c6a,68,99,0,2
3d068b46-0e37-4315-a137-2890a96a5224,172,31,1,3
3d345d8b-313f-4ec7-a079-804430cc800c,237,22,0,1
3d547e06-9487-40d0-a4ef-c5c26bb950a7,357,34,0,1
3d5e8ab5-aa00-48ed-b6c1-245c2f59d467,299,42,0,2
3d6fd055-3e57-41eb-bdc7-34681cf52603,141,4,0,2
3dbeaf44-933d-4c96-ae80-5cca662619d7,315,38,0,2
3e366828-8d68-4f9c-b3c8-526acac28d52,14,61,0,1
3e5df9e3-a1ac-4e80-b641-d3d46bc26bd5,292,25,0,1
3e696183-f767-4f3c-97b7-f94ee01464ae,129,155,1,3
3eb222f7-3b1b-42e4-8d79-deb46d792b53,32,38,0,1
3f58b14f-4278-4965-95e7-889be3979eb6,234,157,1,3
3f81a8f0-8a8a-45d9-995a-59099ac73217,327,77,0,2
402c41d3-ef5d-440e-81d5-342e4b29f589,107,89,0,2
40606faf-d446-47bc-bbd5-55a3913dda1f,210,95,0,2
40cdc9d4-f63e-4033-9b0a-1d13950328d5,177,28,0,1
41165b49-2ccc-4bf1-af8e-756f51ca9318,191,94,0,2
4190a510-206f-4bc2-be93-3af6f47ef7c1,295,43,0,1
4191e675-1986-4ac2-ad12-9552638c2d26,199,144,1,3
41b2e1de-3a20-4f8b-bc90-63c4bd8745eb,143,17,0,1
41d6030e-3512-41db-b27a-70862bee480f,31,38,0,1
4233e647-6932-4fac-8d0d-40f3da514d2d,223,97,0,2
4259df0c-3211-46b2-a246-0512353f5b35,8,44,1,3
42636b82-a15d-4680-b86a-8b0df91aca73,54,33,1,3
42725056-91b4-4c9b-aae4-b7637f9ce188,92,26,0,1
42bd9624-4e06-465b-8b09-c18e7229d4c6,377,29,0,1
42d7e1fb-2571-46bc-8e2c-5bf8aa964a77,371,69,0,1
4300af4b-4efe-4980-9193-e9f749f90221,224,97,0,2
4304fbd4-93ca-4456-83f7-c1d2280c332e,290,50,1,3
43585204-7597-4a37-a7ad-8bd8addeb7e2,136,18,0,1
4384d8da-8a23-4cec-b5d5-b004851c0a11,358,26,0,1
451dd7b7-9874-4c43-bfa5-f72f2104299d,304,134,1,3
45207c66-9848-4346-b528-2714a71e11d8,183,37,0,2
4548c039-abcb-4fb7-a87e-64d926f57982,252,84,1,3
457a675b-6537-4ead-b530-b558d404f9fc,238,108,0,2
457dd9a6-8fc8-4bd7-beff-63011e42bcc3,178,28,0,1
45b5707e-0f25-41ef-867d-e25c107bcc8f,323,40,0,1
462d2954-44ed-4220-bc2b-524979d6c508,257,66,0,1
466699ee-dc8b-47c6-8b4b-5b3e2df1d7c4,381,26,0,1
46b964d4-0a30-4263-85de-305242f7b98d,161,119,1,3
46bee5f5-02ea-40ca-a6f4-2fae597d12c4,296,47,0,1
46d7469d-1ea9-49b2-b4cc-65841564fe4e,321,41,0,1
47513041-be2b-4d7c-bf9f-3f2eb15f3c26,54,13,0,2
4787851a-686d-4f5f-913a-a7506effeb16,99,75,0,2
47e86abc-d0d6-4223-a4bd-3f9d7f432c56,227,5,0,2
483d562c-3e5b-4807-ba48-4aac9eaeae3e,116,33,0,1
48ecd3dd-d800-46dd-bac6-31e2034333f1,386,46,0,1
49582936-3892-46b4-b9a6-61af9c59ae28,42,151,1,3
49f0501e-7f24-489b-a2b7-4ee7453d414f,190,92,1,3
4a38fc02-264c-4952-bebc-813cd8953423,213,126,1,3
4a658321-5511-4fa0-9731-cf702d247635,102,34,0,1
4af8c89f-19f8-4197-b710-479d3a452462,342,52,0,1
4b2f39a5-c733-4051-b91e-d8b23438180c,297,47,0,1
4b529a83-cc6a-496c-902d-32b46611d6ee,70,34,0,1
4b943728-0255-49a7-aaea-ecd626403cfa,242,131,1,3
4bb83417-e616-481d-af85-d75ed8ea707a,224,21,0,1
4be9b8bc-01a3-4d5b-9f06-63e754c48751,60,11,0,1
4c580fb6-10a6-4bf2-956c-5ba1d80c2901,248,127,1,3
4ca567a0-e7e8-42dc-9fb3-1613c3e4cb27,238,12,0,1
4cebf107-d3cd-4413-84ab-f916e3ea0d4f,302,158,1,3
4dd5805b-9097-41ea-a32e-96010f518cdd,191,34,0,1
4de813d9-1b55-4f0a-90ea-e01db35c6bdf,157,66,0,1
4e0c429b-d623-431c-8098-72a02223ea64,161,50,0,1
4e2e85e6-1cad-45ec-9168-a91ca990a56b,327,20,0,1
4e6cc806-21eb-4b98-a89e-e8c7721df6ca,81,42,0,1
4e784c53-0d1f-424b-9e09-046d1fc52776,194,109,1,3
4e857554-dd40-44a9-b2c0-493d83f6ff5e,198,105,0,2
4eabe4df-4a5f-46b8-8117-6985932601cd,157,18,1,3
4f312ee3-356e-4a24-8e05-0c09b0d6de3c,265,50,1,3
4fa0121f-0d4e-48d2-af77-4550d964aa5f,180,9,0,1
4ff810ae-6944-4817-a66a-5791098f0ffc,195,109,1,3
50632f54-d367-49e0-a2ab-06e7900721eb,369,5,1,3
506bfb88-f577-4778-aa63-b76423ad722f,228,127,1,3
50a278d0-d93a-4062-8ac2-a34a1c3f7aa2,13,19,0,1
50a546e2-538a-4770-acad-b962798dbbc7,374,135,1,3
50caf72d-5e42-4bb5-b33a-3039e2986054,30,55,1,3
50d990df-fbd7-458f-bd1c-bb589ca729da,217,62,0,1
512959c2-568e-4648-88d0-866b560cb58b,125,9,0,1
51644543-7658-4b02-8449-af3e37149ac1,126,49,0,1
51cfa98a-5c67-4e79-b059-c67f8d51a33d,182,131,1,3
52ad2cc3-eb14-4534-a390-3d9241d19591,176,32,0,2
52af4475-dc4e-4245-a328-be82d8ed604f,61,11,0,1
532b040a-cad6-4f37-aebb-282e82190e48,211,38,0,1
5456786d-a8dc-4dd2-8f41-e05bc7ff6d5c,89,60,0,2
5476b08e-0f9e-44f1-a976-5e85e25ac45a,186,11,0,1
548027ca-5d86-4b94-9215-ebf7e60ad91d,338,26,0,1
551fd411-8fdf-4fc0-a79c-f75925e67499,168,97,1,3
5568541a-9b91-4291-9692-747044f610f7,40,56,0,1
56054855-6e1a-484c-9bf6-601d4e8a6f95,330,26,0,1
5629a62d-b51c-423b-9cdd-9d226077235e,100,9,0,2
565ba007-f4bb-46d3-b572-dc7218ac957a,183,157,1,3
5697392f-3874-4731-ae21-196c6abcaab9,317,82,1,3
56a5cfd4-9ac4-4826-8b27-d48ffea07145,56,72,0,1
57121e80-d801-48ef-ba6b-406b3112b429,264,95,1,3
5714be29-7445-4756-91e0-e44d75da6205,364,12,1,3
57463acd-8575-4a1d-a315-1ab6bc7728bc,189,102,0,2
5784aa45-5d1d-489a-b97a-88300a33342a,256,3,1,3
57ccb4c1-0b4e-4a15-9f76-0efa111d13be,101,9,0,2
584b0178-7585-4cb5-948e-cb88474c8f09,184,157,1,3
586ee5aa-0a9a-4456-8875-a70873945e16,81,5,0,2
5895626c-874c-4916-937e-c0ba6bd548f2,221,12,0,1
5912c4c1-4397-4ccf-a745-b404bf2e72e0,160,125,1,3
591cc4b5-f0a3-45ec-9fa2-b2aef083d2f9,122,101,1,3
5924cd09-2c1c-4766-b2d7-c3865dc954f1,167,97,1,3
594d71f1-3df0-4692-8016-0001cdd39dfc,242,32,0,2
5956582b-3afa-4818-93b5-10afac412858,192,94,0,2
598cc81b-95ea-4fd1-bccd-f1c89c24008d,147,63,1,3
598f9fad-e3db-4653-baf1-0a2aaf2f2ee1,228,18,0,2
59ae3328-1872-4335-955a-d3868baa901e,74,5,0,2
59dac714-f996-4f4e-9f5a-f0e32da134e6,55,13,0,2
5a750093-7558-4867-8d14-390080b42eb9,234,119,0,2
5ab4e6cc-8554-430b-90b2-865acb6e0ffc,138,33,0,1
5b66034a-b979-45fd-85c1-6118a707061f,20,55,1,3
5b713fc1-b6c6-408a-953c-c1a1e21f9ee0,150,46,0,1
5bfc8865-3ba6-41e6-b4b5-6f783071654f,204,142,1,3
5c645d2f-d0d4-4e1f-9803-900684ea9fd0,4,94,1,3
5c733ebc-8613-4c3f-a576-944498a083c7,89,143,1,3
5c86d943-b2a0-48a1-84c6-08fdabcabf61,90,75,0,1
5cab15a3-1016-49b0-bfcf-e98aa1c9e96a,273,34,0,1
5cd58bbc-ae0b-4050-8523-9137cfba477e,350,63,0,1
5cf30a2c-547c-430a-87b5-e7bfe6156a3d,306,69,0,2
5cf37212-126b-45df-8a14-463fa42a8a1f,281,36,0,2
5d94f1d4-a8db-4332-9513-3de16f2e1b96,247,61,0,1
5dea94af-8ac0-435f-893c-ee5aee9b718b,84,77,1,3
5e0b7e12-61bf-48f5-b956-6e830fc47e11,336,151,1,3
5e1c75b0-0da8-44c2-b0c6-19c26bd3595f,170,11,1,3
5e98ffb4-963b-43e5-bfdb-28c8def2d2a0,280,28,0,1
5ebbc4fd-c3a0-4dc4-b519-8a098da41523,328,71,0,2
5f1643b3-1c68-4211-aa7b-866c539715e2,165,155,1,3
5f43746c-79e8-4d9b-9b9b-af7d24106342,335,17,0,1
5f6b7347-2312-470a-bf7f-374c01527450,341,91,1,3
5f7651b8-acf7-4904-a058-4c06b3c894a2,283,44,1,3
5fb16e44-8181-4d38-ab09-965de845d1ad,301,96,0,2
60137674-261a-4541-ab89-ac8757611e64,383,70,0,1
605fe079-de4d-4fa3-a3a0-fe1337789c7f,31,79,0,2
60b17469-d2cd-4e4a-99fb-c0811cd7c0cb,50,71,0,2
6110ecfb-0bc9-43e0-87c0-361ccf7cd55b,11,61,0,1
626966cb-6e78-45da-b6ca-587b14042d1b,293,43,0,1
6276cd1f-2ba2-4779-bd37-749ad3a69815,106,120,0,2
629b5918-f512-4007-af41-a26100edefc3,304,69,0,2
62f0be15-da1b-4ed8-a33d-bb4133b79828,73,64,0,2
634912b0-bd0b-44f6-b9c2-2f5b10d6132b,166,68,0,1
635ac568-5710-4f52-9886-3f8837540c7c,65,28,0,1
63cb8baa-8d97-4d87-8141-d7854959c51b,94,130,0,1
649e89bb-ef31-4b6e-bf64-d6b458dcd365,120,30,0,2
64d4e2a2-e780-4231-9090-29577895ea2c,316,64,0,1
64ea21e4-0b6d-465e-89fb-b4742deb03fc,138,75,0,2
656b6db2-8761-467b-a407-acec9bd03b8a,99,52,0,1
65ac1c9a-1e12-466d-843e-01caa0678152,140,33,0,1
65d12b9f-7bae-44d8-beb7-d81e7453a8bb,365,12,1,3
662eff57-6719-4236-b036-e7e221a9107a,6,66,0,1
6647439c-7276-4a7a-8bd6-75554699dc23,64,28,0,1
66610240-5952-4a77-bc23-d67e2818131b,53,101,0,2
666a2f9d-7903-4825-9bfb-f02587957a7b,93,26,0,1
6687d642-a5f2-438c-b5e7-a4a1f08a2a77,142,127,1,3
668fda8c-a1f4-41cb-9cd1-cce6d8293fcc,306,134,1,3
6696c8ba-d44c-4fe5-96cc-0b074b594da9,97,108,0,2
677b0ffe-105a-4090-b44d-128eacefe1c5,86,93,0,2
677ed226-9c07-4440-9767-77483299cccf,219,133,1,3
6798ab81-e9b0-4ff0-9b83-af1a2b3212b9,112,31,0,1
679d7116-e2df-4998-aa06-40161ca669e2,161,51,0,2
67c2ea83-8b25-460a-ace0-672ba54e9bb8,188,34,0,1
67c899f3-09de-42f2-96fc-c753297444f8,62,6,0,2
67e1c72f-9431-437b-8f73-69076be00c58,24,22,0,1
689d17e3-0c13-43df-a87d-93b8b0c2d147,334,30,0,1
68c37df7-f086-4b26-9fa8-494f68344720,197,28,0,1
68f2d8ff-0c74-4795-a9b8-e865692ab724,40,119,1,3
698e2e6e-df1b-4a33-b5d6-280ef9e63e8e,373,153,1,3
69a36109-27bb-4e8f-a452-303a432728ba,78,18,0,2
6a474a12-0579-4dd0-9948-cb64dbc6cc7a,334,13,1,3
6a6bdca4-2abc-4be5-9374-eea26d4a6ebb,300,96,0,2
6ae330a3-62ce-4ae0-9407-ee654d2899a1,96,39,1,3
6b0a7cb0-073a-4b54-b6ad-d0ce1e88136d,110,1,1,3
6b0e2b86-f532-4ec2-a69b-9e43399af2b3,382,2,0,1
6b48271f-501f-41a5-802b-ef71aad89488,83,39,0,2
6be594c2-3a83-43be-83ec-4c624a9efad5,248,45,0,1
6c1d38c5-1167-4698-9217-4c3dd3f0f8d6,279,2,0,2
6c3d8e67-05c3-4ac1-b76c-42648cb9a94c,21,51,0,1
6d121ccc-b463-4d47-b5e6-02323d6e562f,376,29,0,1
6d2b2fc3-87ed-40dd-a14a-9fac8aeab7af,359,154,1,3
6d5ccecf-58db-4f7b-a130-563496c6e58c,21,97,1,3
6d721b35-39ba-4908-ab4a-630a90998ad3,379,29,0,1
6d89c6bd-7f46-405c-85af-ac51a839ab0d,326,47,0,1
6e375de5-ee9f-4660-bb9a-765cc9a3c40a,341,52,0,1
6e8c3f61-b708-4e83-8105-8024935bcc03,215,51,0,2
6e99e80a-0132-4db0-bd31-bde51670015e,305,134,1,3
6eb02fd3-73e2-45ab-b2bc-389342be4c27,85,50,0,1
6ee44b84-bd08-4163-91ca-fa348325ee8a,328,52,0,1
6f1a55d4-e620-41c0-8cd2-4201fff45d6e,33,55,1,3
6f337f8c-01fc-456f-91ce-8d98a2218d12,281,28,0,1
6f5e7423-4dbe-4b53-a873-7a22f594b815,47,87,0,2
6fc58197-99d6-4f7d-978e-12646721a23d,210,22,0,1
6fe4873f-5b43-4eae-a4a0-3b374258c1a0,156,66,0,1
6ff53a14-c90f-45b3-b697-0f88c9e887e0,370,33,0,1
704f7dea-43ca-435e-92d7-1106f6e88991,80,12,0,1
70860201-5e91-4490-9da3-eced64237148,103,139,1,3
70d01327-bb87-4315-82a9-11f72849db31,16,145,1,3
70de2e9d-9c0d-42e1-8ede-5388e6c92283,198,158,1,3
714e2e19-e5fc-412e-9e83-942c417ab7dd,35,98,0,2
716770ae-f2a5-4e11-a519-f29b1fb190ae,62,33,1,3
71994a46-bd31-43fb-8426-fac7638f9096,250,144,1,3
71a3206c-7098-4554-bcb6-2af751cdb4d4,83,128,1,3
71bbe4c1-e048-43a2-a8a4-1e5c112d87ca,230,97,0,2
71cb31b8-771c-4f6e-8542-e683ac8a3962,286,90,0,2
71dc9e8e-73ab-485d-a50b-9bff48994955,104,4,1,3
7207b917-1adc-4dc9-aac1-d7ca66960f30,333,30,0,1
728ad19d-cc22-4602-93f1-9c467b1a64f4,269,19,0,1
72c358e3-2a87-4267-a9c8-0cfcef69bdfb,109,256,0,2
730b03e3-d05c-464f-b498-848449fe1092,273,48,0,2
731dbb8a-8bfc-4be3-9e21-72c928839c34,185,69,0,2
73791a09-5a87-4d45-b368-0c142b38f50a,208,5,0,2
738d7369-df00-4f70-8939-db7c3b925d03,163,15,0,1
73940db8-6bf0-4b35-b12c-773dcf99c452,47,27,0,1
744c52e2-30c7-4ee4-8089-8bd1be4e1f8c,344,26,0,1
753ee40f-bdb2-4119-bc0f-e929bef4cb99,346,114,1,3
75af35a4-e38d-42df-838d-4f503d2d79df,101,106,1,3
75af7a42-60f1-4ec0-91f7-7ce9b11470c3,217,95,0,2
75f0e16b-3bc1-4e84-bc15-a869c6660e18,184,37,0,2
7620172a-3dac-433c-82e2-8da6291d21fe,217,127,1,3
77874d1e-43b1-4d21-ba63-c8bfccb1a581,158,67,0,1
782cb6fd-dd00-4673-a742-b0ca02cb303e,196,156,1,3
784f52cc-5723-4e75-a14e-58b1593ce44e,71,34,0,1
786b4b7a-e8f7-49e6-b72f-7d0f73b8bf4f,263,95,1,3
78840d3c-57d0-480d-b0af-77281377d069,226,11,0,2
792a758d-f14b-4e74-a3bc-2fc811e070df,174,56,0,1
794d8904-16e6-487a-94d5-cc387975ab29,59,18,0,2
7961e8ac-f8c6-47c0-90ad-cdccd5f63984,25,31,1,3
79fd859d-90fc-4906-b40c-57dd102418cd,243,46,0,1
7a11115e-2d19-4c87-b438-7db1f017eb23,177,48,0,2
7a30e552-5213-40a1-8d43-659ecfa28bdc,143,82,1,3
7aa591c1-9bfb-4095-ab39-49b6ba37fdee,222,55,0,1
7ab00189-b079-4049-908f-fe1a2fa4ccd4,225,15,1,3
7b480ae4-bf38-455c-ab14-3f0c470d790e,124,108,0,2
7be3586f-9270-4f6b-9e58-5d85b715365a,173,132,1,3
7c20b953-4158-4a05-a575-2e79fb95b179,42,39,0,1
7c7050e8-68e8-4d80-b40e-8a194e7a0d0b,185,5,0,1
7ca511f4-876c-46c7-a136-3f22591ba339,39,132,1,3
7dcc6049-6291-493c-87f0-ca781dcf4d75,52,101,0,2
7eded230-d5d5-4574-ad53-f628bac3ee47,342,75,0,2
7eef1c88-03f7-4627-b23b-81024a9c91ea,331,8,0,1
7f271572-ceb2-4ebb-ad38-e4776d73ae29,118,41,0,2
7f285ded-f7c2-4c0c-9618-49fb50a53d3c,128,22,0,1
7f36baf8-e914-4796-8332-2a1e89d0a7b4,62,11,0,1
7f3aa76d-38f5-4579-b830-86995b960fbb,229,48,0,1
7f574ba0-9a32-44cf-8f35-059119855fbe,125,72,1,3
7fc64e80-e007-4c5d-9514-70eb3282e4ba,131,93,1,3
801d94d2-3d20-412a-b38e-4b914c971069,271,44,0,2
803c82b6-fb06-4d79-8957-e651b9e58c5b,333,13,1,3
8060d8a5-6495-4890-8d41-d7c661cdacd3,349,91,1,3
80ab029f-603e-411e-826a-1a7bf5f8b6c6,137,148,1,3
80b9364d-ca9c-4355-8ae6-cc9fdb0653ec,103,34,0,1
80ddd754-d6c6-4cc2-8e94-fd4153c8eb36,286,101,1,3
812312c6-7508-4ddd-ae84-ca07031d5248,155,66,0,1
8170a524-1ad3-49db-92db-9cfac423a90c,286,27,0,1
817f7f86-8663-430f-b6c3-ef800b4de917,311,57,0,1
8267c165-762a-4066-beb6-f8037e792809,231,8,1,3
82ae9a19-6857-4c45-a20f-7f7df157a12b,256,66,0,1
82af03a5-b7d5-4b07-a0c2-6129af12461e,175,32,0,2
82dd7356-7a6d-48c9-8d8e-0d704503df7c,39,172,0,2
82ddbf33-5c2d-4615-8eda-b2aa807f2fa5,219,49,0,2
82ea33ca-fe9a-401a-94c9-d51cc5717ad2,53,7,0,1
830b0917-2ddd-4cde-a893-83a9496a9767,233,36,0,1
8339ece0-d52d-44c8-877b-810a7873dc87,179,57,1,3
833f893d-5537-49c5-aa84-a83e69cbb465,16,51,0,1
8366670e-55dd-4d26-be23-0bd0d798fc35,8,67,0,1
83b156e9-f4b1-4259-97a5-1dc549d8d634,362,115,0,2
83be2b06-2b31-4e19-a46c-e2fb5a92083a,17,77,0,2
84078fee-3cbe-497f-857f-8620e8d56d8e,351,59,0,1
848a021e-8c83-4417-ba77-dfecb791f1ac,2,65,0,1
853dcee3-ebb6-45b6-9617-48bafa7f5e64,337,26,0,1
864036a8-dab9-4246-8e1d-e643dda55075,155,18,1,3
86477125-d5ad-476d-99a7-63672cd7c6ec,313,158,1,3
86722406-209d-4372-aeaa-25140a03fa54,46,6,1,3
8713c1fd-eb90-4584-b49d-0c2a4a5473df,174,172,0,2
8736a94d-b1c9-4723-b177-bbeb95300851,57,72,0,1
873a18ef-d181-46d7-8a83-21e0c5b45b2b,360,23,0,1
87917c70-f070-4642-9eae-31cae6fb0f16,235,141,1,3
8795d3b5-be55-4afc-b9f6-8cd5a7cb9d0f,79,144,1,3
87c348f4-e576-470c-a0d2-fc4877d550b7,274,48,0,2
8873b3e3-1d95-4b5d-b720-f56807144df6,36,98,0,2
887b6fd1-e58c-4035-8afe-7ee23b6c5441,241,113,0,2
888891ad-973b-4c74-8db6-d481cfffac37,50,8,0,1
88a9ab14-041e-4c43-9ce5-fad39978361b,179,9,0,1
8999cc7c-88a8-43cb-aa76-1dcea3da761c,235,20,0,1
899b4d90-9638-415d-be5d-5a34e7e6a55a,206,155,1,3
89ba103c-2c13-4af4-908f-64f19e2c462d,153,102,1,3
89c3c82e-612a-4bd2-b66f-084152400033,85,48,0,2
8ae0d9a4-31ea-47fd-a416-637722f46306,361,115,0,2
8aed038a-fd8c-48d4-9ebb-1998efd8c23a,105,69,0,1
8b0bcd5e-1324-490f-9257-7c8932c2ec9a,117,6,1,3
8be5cdda-3c99-4a06-b3a5-c7ee89d93d14,128,125,1,3
8c24ddd4-7949-4986-be5a-6ed2065a07a1,55,33,1,3
8c3d0d81-71d4-4f08-bfa0-c1a5446146cf,119,33,0,1
8c52b5ee-7fc8-4d35-9bc6-7c06c7a575a1,258,6,1,3
8c69e6a9-fec7-4345-a26a-ba9bf7fd45ab,9,67,0,1
8ca19bfc-e0f0-4160-9272-f7059d7e1ea6,64,39,0,2
8cd23656-c284-4a54-8800-d891fcca3818,58,22,0,1
8d05deba-a897-4006-98ad-0b2975679ce2,148,61,0,1
8d1474c5-9ea2-4b4b-83fb-8853150ead37,189,151,1,3
8d1d53dd-60ae-4a98-b493-a045d9f4c0da,303,52,0,1
8d38507c-ecec-4110-a646-87d3889f4a33,175,105,1,3
8d842fbd-fc61-4d9d-a2a2-8eb05f0e1571,79,20,0,2
8ee3decb-7636-4080-96f2-7454d7f257f7,63,28,0,1
8f395ea1-5318-4700-8e3d-165a69932a5e,1,65,0,1
8f7f9516-7812-4f5d-9dd4-a19207fa015e,40,172,0,2
8f906db1-82ec-4b70-bd3f-30304440b17a,364,47,0,1
900be3d3-b9ce-4c2e-8c4c-c94c1a0d0a70,218,49,0,2
90551b85-8094-4786-b7d5-dc4641f354a1,160,67,0,1
912d0b56-9107-4470-bc9f-a8cd36dcb62e,113,131,1,3
916b429f-3966-4d4f-a991-f3b78043c733,123,68,0,1
91891f69-5c2b-494f-a3a4-57a1240ff739,121,35,0,1
925244a6-66ed-49ee-be33-3ffff2a8ad6a,37,70,1,3
9252494e-ae76-4a51-aeb7-5852ae2f6806,349,12,0,2
9260c1b5-1488-4a4c-b0cc-9a7d230a36ea,205,142,1,3
92c9960f-44ca-417c-bdee-813efc042596,251,30,0,1
92f89f43-68db-4854-a213-694719cefb80,83,51,0,1
9407ef83-c363-4048-97c9-157fbef14980,153,65,0,1
94765a27-bd76-41c3-940a-70a2d0a42ebf,190,50,0,1
94ec8288-a216-48fa-9a38-625d672d9953,72,44,1,3
9567412c-f201-4526-9793-1fc636bac9b6,203,157,1,3
9655a57a-c958-4b89-b5bc-6f9f242d9213,63,39,0,2
966af589-4d9c-4653-b423-dadfe23ccc1e,285,27,0,1
967890a1-d881-44ee-88a1-da1d52c14699,263,82,0,2
9679adc6-db24-4c3a-8342-0ffd6e9c98ec,68,80,1,3
96dd7b7a-e4fc-45f7-a17b-96c3434bed86,136,62,1,3
96f5eda2-ca07-4303-ad94-558dae489969,74,8,1,3
970135de-0693-4179-99b4-12995a5c48ff,291,151,1,3
973f4b93-d3df-4bb2-a6f1-43b0c294977f,375,135,1,3
974b680a-9562-4ce4-9468-3c98cacaed46,237,101,0,2
978e6a77-8183-4bb2-a0c8-873e65bd1449,270,44,0,2
97a6beba-f920-469b-9735-808a802c7468,314,110,0,2
98199952-7e1f-425b-ba6b-845767ee5b98,106,7,0,1
981c4886-bf24-4157-b14d-4fe0dc9bca2f,309,58,1,3
986d6f3f-436a-44d2-9d0a-93612e03d06e,223,55,0,1
98e56637-0dcc-43dc-8f20-a7c23526eaf2,241,47,0,1
991320e1-4ff0-459e-9e30-d3eb094e8ee7,236,62,0,1
99388daa-5253-41cf-acd9-25631a5a2fee,272,33,0,1
994eb933-9dd7-4196-b512-2bb500becde7,216,95,0,2
99cd4884-93d3-41cd-b513-9eae3fbb310f,199,20,0,2
99e3e34e-0876-4ff6-bdb6-49a9049480e3,23,22,0,1
99ebe128-cdae-4188-b18b-ebd6eb66b521,150,127,1,3
9a1c6bb8-d40e-44f6-860c-29ecf324f179,303,22,0,2
9a3c994a-fdfe-4b14-8ed1-480cd8db655b,203,48,0,2
9a94de9f-ed1c-4ca1-8ff9-774c1aa30a86,36,109,1,3
9ab44472-95b5-4874-b1b6-1216224f158b,142,69,0,1
9ae9a032-db9b-499d-8a98-4acbceb52b14,164,110,1,3
9b4bc480-750c-4c62-be16-22c85e32da8b,113,32,0,2
9b79c716-fd75-4331-8b86-e2c08168dfbb,315,30,0,1
9bbbd06d-556e-44cd-99ee-b68f9ff19d52,353,119,0,2
9c5688b9-27fe-43d9-b4d2-63fffe936d2c,259,67,0,1
9c5ea5af-0558-4f64-875e-db154f65516d,299,159,1,3
9cf1f7ee-c560-4e34-9055-2aee8c7febfe,231,53,0,1
9d44897a-c53e-47cf-a985-a23e88835d09,226,33,0,1
9d826902-fb8a-4f7c-ae13-7f287a4b71f0,265,19,0,1
9e25c53c-34eb-4a26-8ddb-0f9063d09c17,235,101,0,2
9e2f3d15-6d04-45c4-9131-7c36ae3ba2a2,168,15,0,2
9e36e8dd-836b-47e9-98e5-48ebb92a2402,302,51,0,1
9ea8db17-ff96-4c71-9a5c-a8a703cd5a2b,261,95,0,2
9ee6b444-15cc-4726-ae65-4ddf4b40a090,172,9,0,1
9f239168-e9ae-4f84-a9ee-aaa65ddfb713,294,113,1,3
9f41c461-2c43-4057-bd50-dc4e449e6ab8,323,116,0,2
9f93aa78-8006-496b-9a38-c2514a12635a,353,15,0,1
9fad543f-1ab5-4fe4-a232-a93cfaa0c2e0,278,93,0,2
a01290b3-e48e-48c3-a51a-2319412605aa,254,84,1,3
a052077f-5223-4fb4-be2a-a5415c713400,379,135,1,3
a08a01be-02e4-432b-bfc1-58a9befd5784,254,65,0,1
a08ab53c-084f-40ac-9c61-9dcfe214eff3,22,51,0,1
a092dfae-fd2d-49fe-94cf-55a4297d2b46,211,22,1,3
a111daa9-4587-4347-b65f-44c6d4586490,154,65,0,1
a159d729-bc5f-4985-af7e-1e5fd83cd52d,279,51,0,1
a1a220a1-66e4-4338-a211-cc7d06e7fd47,312,58,0,1
a1eb4274-5718-4dbc-b432-ad1138065bba,291,3,0,1
a205553d-4143-4f6d-ba52-061c1fa07174,313,35,0,1
a22f3bda-5574-4abc-98a5-d7cbb711c767,363,115,0,2
a244c704-34ba-4a8c-b626-edb712c0ddfd,26,31,1,3
a394536e-843e-438f-9d58-0afdf13d9190,101,43,0,1
a3ab62c3-97d6-4b4b-9a11-d1de3b65f1c0,77,49,1,3
a3d29514-1f4e-434e-88c1-79257911f1e7,350,172,0,2
a3e1bbcb-c4e6-497d-9396-db9279b7fe92,122,111,0,2
a3fbeb0f-250a-41ca-ae53-d54e5d396958,115,113,0,2
a427150a-4ffc-496a-bac1-316fa1bce43c,200,26,0,1
a42e6c63-0382-4672-8ce4-5047173a3cf6,140,133,1,3
a4431039-84b3-4833-bea7-6f608be0b7fc,26,9,0,1
a4694a49-211a-44de-899c-8cedbfda7103,212,68,0,1
a4716225-6ed2-46c5-a8f0-dd071b726c74,239,9,0,1
a48aca45-ad9a-4382-9c61-167d85d6a9fd,95,69,0,1
a4ab1624-bb3c-4ca8-ac06-355534e44f1a,215,39,0,1
a53f50b8-0b60-4ef3-a5ca-2a8cb51ea011,273,124,1,3
a59b08c3-48e9-4f10-b8d0-e5299b22cbff,377,5,1,3
a5e994df-8e93-492b-b99d-d066fcb21393,228,48,0,1
a5ecc992-c622-4c40-b80e-648131d38a0a,60,6,0,2
a6ed1bae-6452-41bd-9fd5-b11b5afbbadb,320,46,1,3
a735ca80-c805-41f9-8b03-e4e3aaed841d,310,9,0,1
a774bd36-2cb1-4c53-9a78-050ca878ee2f,117,97,0,2
a777689c-7f88-4cc0-a046-104a6ff02e1b,69,82,1,3
a78d0792-96bb-4831-a92a-f71dda5b29e0,285,90,0,2
a7a6af53-74d9-4a9b-b273-bd6d1633d804,348,33,1,3
a8224c49-bcf2-4307-914f-dcb5d762e268,119,31,1,3
a8369b68-0a7d-4853-aba9-3ed7bc30f257,356,46,0,1
a84898a9-39e5-4213-9edb-9a26318aa128,361,141,1,3
a8872c5f-dc1d-4d66-a120-b7150eb44bdb,220,12,0,1
a965d88b-85be-401d-b0e4-b20d3d03f472,223,141,1,3
a985de62-3653-417e-8b30-28a4a7b5dcfc,57,83,0,2
a992c45d-8e9b-4099-b562-93f5dab08e46,362,141,1,3
a9b16cf0-89a2-4b82-bc68-ac73c112f884,368,33,0,1
a9b64f6d-e770-4ddc-a76f-f11297f9be42,169,39,0,1
aa813b38-7dc8-408c-a160-f2b71cc46f67,115,39,1,3
aa8c07b0-04ba-42a8-995d-bbf0d2a51cd3,171,11,1,3
ab2e95d3-6bf1-4ec3-b03c-fdede97212e3,362,39,0,1
ab82dc91-2212-47e9-9533-a7e4b3c8e177,124,12,0,1
ad7239a9-b787-47b1-9d0a-61c74bf6384e,23,127,1,3
ad7c76ae-bdb3-4f1d-b9be-1f4c2a1fed5e,1,34,1,3
ad96c8d9-a239-42b5-8bef-599264b48292,86,115,1,3
adbb1ccc-07a9-47f3-a76d-0754e44b95e9,56,83,0,2
ae77a2d9-c09a-4903-8e0a-15897ba8f03b,185,155,1,3
ae8c90c0-4fe4-467d-ae12-29d54fc9511b,56,128,1,3
aeaa4a04-8a58-4575-bf5b-bf86d3c33177,278,44,1,3
aec4ae3a-5519-40b1-8d53-76e2f993bf60,68,62,0,1
aecd3eb5-22e2-4f13-9ed3-bead823564fa,43,50,1,3
af2b6cb8-0dd8-433e-8bfe-adce41d9534f,289,54,0,1
af65d906-8901-466c-93da-d174787044f7,105,4,1,3
afa4a667-56af-49cb-8418-f83147350b34,239,72,1,3
afe59e25-735a-48b4-9acd-552d1382e84f,345,21,0,1
b0a46deb-a9f8-4ea0-964b-e5aeb5d8e3c5,188,151,1,3
b0c37ccc-5800-4947-aa5c-a8ed305edaed,98,75,0,2
b109cb03-fb45-4e70-a5b4-30083e3a1944,49,147,1,3
b145c1d3-9824-46a1-be1c-1af7039bfb4c,385,32,0,1
b1a66f8c-4b8e-425d-acdc-c978845db491,104,31,0,2
b1bf77d5-0c29-4e07-a534-86a3b920b4fb,58,18,0,2
b20afad2-d8ee-4a07-8efd-1fb7270ad4f8,178,156,1,3
b215d649-9d15-48be-86c2-35266e820a5f,326,82,1,3
b23be110-b022-4fc8-bf2e-9a8c9e5355cf,178,48,0,2
b2e31805-b2bd-4097-8d1e-89ac0427c202,141,33,0,1
b2f22901-141b-439f-8d67-f7989ff3a8e4,80,20,0,2
b30b6991-1e66-4fe5-9e11-3d948a8726d2,307,74,0,1
b3270b51-ce5d-485c-bc23-03e149f7af1c,151,28,0,1
b33ef146-9ff0-4f4f-bd3e-12adf28eb458,146,49,1,3
b362c4c5-c289-490e-ae13-6edcf6e2e33e,288,72,0,1
b36b45dc-eea6-4220-8137-ba339ae06074,106,84,1,3
b37d4919-e4e5-4a8a-ba17-f1b25bca641e,234,22,0,1
b39a2dcd-4be4-4426-8544-6dd6cb483685,73,44,1,3
b3b51e5c-94c3-4037-96d6-62d0a2321d94,170,10,0,1
b40ec202-c958-4464-84dc-f05bf502eed9,249,46,0,1
b4274e2b-4ed4-40d1-a160-7c210807c1fc,246,62,0,1
b4291a11-ec53-4eab-9b0d-fec2b6374806,318,24,0,1
b48e3600-cafe-4a80-b081-92705b86659f,327,126,1,3
b4c46a7f-e703-4295-b1fb-3c7cc9015983,133,107,1,3
b54455e3-570d-4f9f-979f-9d9e8918b410,31,125,1,3
b555525a-40c4-40d8-a094-a7d1b0358872,113,30,0,1
b5579d4a-af25-4602-8fbc-f8fa6c5f1321,280,140,1,3
b577fa02-39f0-4199-a83f-b395ab92498e,325,47,0,1
b591ee4b-e8f3-4447-b340-e348dfcad9fe,139,33,0,1
b5bc8982-05d4-4cd0-88c8-ebe4c7a2a7ce,110,256,0,2
b5d60566-45ed-4e1e-884d-ea89ce7ee682,355,119,1,3
b61862c1-f422-442d-8fa0-c74baae2cba2,9,44,1,3
b62c7545-fe69-4e7d-b7de-54512e3a3572,225,72,0,1
b6415162-dd4f-4e09-b039-0685146ded41,34,125,1,3
b6757d1d-86a8-4380-b6d8-a8181f6790c2,253,65,0,1
b6864eda-8359-42cf-8bfe-b13ef734852d,245,46,0,1
b69eb2ed-ad53-4d9c-a7fd-36952b742d14,20,50,0,1
b6a9ae87-137e-4e08-8a3f-9dbf36035586,280,36,0,2
b6f624d7-caec-4f7b-ace4-32075b5aea2a,116,6,1,3
b7ebceba-4cee-4067-bbe1-c0cb8d32ff22,124,87,1,3
b815aaca-66a7-44b6-82a4-ac82fe1fa37d,75,5,0,2
b8242620-7e8d-43fc-9744-9c4c7bba5a95,340,12,0,1
b83ec7c0-3bcb-46c9-b848-b282a817749b,357,94,0,2
b84a96e7-8478-42c5-a68f-fcd3ddbff8ef,313,68,0,2
b8b9d8ef-3a30-4d82-9d8f-d30f1375beb4,119,41,0,2
b8ec4aa0-dbe0-4241-9cb3-501cf8613fa5,114,102,0,2
b9081cf3-ffd2-48c1-9862-4477f323dfba,371,125,1,3
b9168a33-771b-4bae-a6e0-e60578f8aa64,18,145,1,3
b951871d-e94f-4e17-a735-f8b028123d0f,187,151,1,3
b955353b-c71f-463a-94c8-02bce4650348,354,119,0,2
b9dcb9e6-be70-4d2d-9af8-206e58b94dc9,241,157,1,3
ba143df8-558c-48bd-ab10-a6ed173b77af,272,20,1,3
ba1b0107-f62c-4fd2-aa5f-397eec517c7b,38,70,1,3
ba54f7c7-737f-41fd-84ff-1939a1af7ad5,341,75,0,2
bacf1e13-409d-4bd8-bcf9-e57ff14f0a6c,340,107,0,2
bb196226-f78d-4813-9b1e-4c2dced01ff1,268,61,0,1
bb3f1500-cd3a-4353-ac85-7ad461d6e0b7,48,14,0,1
bb7971f0-f36c-4b76-a0cb-fd45efff97e7,76,8,1,3
bb898406-2b4d-46a8-adbd-76ced7867e7b,98,52,0,1
bba25f77-3255-4ee2-ab23-60ff7ba70c81,320,41,0,1
bbb5b99c-6056-48ab-a972-7f0345958c16,306,5,0,1
bbf866c4-4014-4c86-b57d-6a3f5c803d8c,255,66,0,1
bc321055-1282-4030-99fb-69e6b4be67fb,285,95,1,3
bca1f6c8-e60d-4c9b-9e28-fcc235129b49,51,159,1,3
bca3309b-56b5-4463-a6b6-46a2f9becdc7,335,137,1,3
bcabe39d-9c89-47f5-a009-dfcec79d04c8,316,82,1,3
bcb1838b-73fe-4dd7-bd9f-ae8da5be5478,260,6,1,3
bd01b46e-bea2-4c65-8b97-168b3e4f0655,263,53,0,1
bd0d8392-12d5-43cf-8687-d9aca54089bf,159,125,1,3
bd4d51f5-a24d-41d3-9d50-7b09b06eafee,50,159,1,3
bd5d379c-ee91-4709-9db2-8a8ccae8394e,108,13,1,3
bdf1abe5-cbd6-4a73-83cb-94470b992f58,66,80,1,3
be3f52ef-ce07-4eb4-b8f7-03a5844d1965,324,73,0,1
bea1ad9f-f135-419f-a6ca-cd7fb440d269,13,50,1,3
bedd0377-a09c-4f09-96ce-43ebc4f08100,67,99,0,2
bee86d0c-9c37-419e-9ff0-1f1f1cc82611,45,27,1,3
bef4f193-1940-4d08-a975-0d3753b8a004,372,69,0,1
bf0de60a-ffad-48fe-ae39-23752b3df650,64,98,1,3
bf110a0e-a75e-4830-b66f-fac8227948c4,283,33,0,1
bf330486-79c3-4f59-8331-f7b508ae3417,145,46,0,1
bf770e0b-72b7-4064-9f19-8a5aceed24fa,15,68,0,1
bf926562-0cd6-405e-bcf8-609d408ab363,294,43,0,1
bfebb01e-c83a-4c28-bcba-34ce83e21fc6,216,118,1,3
c050f2d8-7736-495a-9e97-21e48de725f0,19,50,0,1
c075a59d-d246-404d-b28c-31ee3d23367c,135,10,0,1
c0931502-2bcd-4085-affd-b5f6fba2c7c2,324,70,0,2
c09c3d13-e65a-4bef-b5fa-def6a67f278d,356,119,1,3
c0b3b9ad-85ea-4b2c-89b9-b9a92be5f93a,54,6,0,1
c0c2bac1-b765-4e9b-b6d0-1e9f78ed6ad0,115,48,0,1
c17c35bb-d960-4147-aa8b-db2bd0b99811,79,12,0,1
c19da175-11f9-4822-859c-244216f03688,72,64,0,2
c19f665e-0b4d-4454-8bfa-f15e391f79ec,65,39,0,2
c1e6af8c-1c38-4a3b-b528-e6658e21f961,184,47,0,1
c1fc4f9a-079b-441e-9f03-f8f083f3f0e2,134,93,1,3
c2112e6d-d456-420a-93f7-b213da8bf7c1,70,82,1,3
c25355e4-3637-4f8e-962d-2bb7577bd65c,127,52,0,1
c2d89bcb-37f6-4d50-9a0b-0ecc51b6e135,363,47,0,1
c2f9dc55-51ca-4c7c-b4a6-db180e0c0980,98,125,1,3
c3206d52-d1a6-41a9-9807-98ca3af5d50a,108,12,0,2
c33b56ad-c0ee-4e7b-8e02-69041b65cb7d,269,14,1,3
c3754b90-76c3-4b51-9a6a-a7a436527c93,357,139,1,3
c3e3f2f5-2f4d-4cf8-9428-aceaba80db41,187,34,0,1
c44dbadf-8258-4a27-9895-8300f9384110,227,51,0,1
c47c00bb-fb26-41ce-ac42-3bba1f751709,121,148,1,3
c495bc59-9d0f-4984-af43-4aff9b30a01a,353,130,1,3
c4e2d838-32d5-44d9-a9f4-d6e512bfc643,28,146,1,3
c4f73af1-0874-4db2-b20c-50fcb0c711fb,152,102,1,3
c5003ba2-eacb-48c3-a352-e600ac3918b5,138,133,1,3
c53203dc-3c9a-4f58-be8f-66023582f99f,2,34,1,3
c56b623f-0d1c-4de6-86e2-799b15aebaee,214,62,0,2
c590be09-b8ce-4712-af5e-eb7ec309f48a,277,113,1,3
c61cb57c-1974-42a7-a660-bb9fc5e33c52,110,26,0,1
c6f7ba6b-639c-46d5-a928-63aa72a5415b,142,46,0,2
c71e72dd-dd37-42e8-958b-8a4cd79c5e57,272,44,0,2
c75663d7-1466-43ab-a07e-be4eb32dd5cf,282,36,0,2
c75faae1-99ce-4753-85e1-9d6207f14b08,122,43,0,1
c79611f5-9160-4d23-8482-326671473a4c,146,46,0,1
c7d11b77-4cd0-4bd6-b2f9-2a2856ea92cb,88,143,1,3
c7f4ef19-9bdf-4dcd-9e7d-4975346487a7,162,50,0,1
c81f9661-a5da-431b-a3c0-1de84369ef40,187,102,0,2
c92e4e36-5a66-440d-89fb-fac9fcef9d2c,303,125,1,3
c94d384e-9eb7-4170-a06e-7062b868985d,270,20,1,3
c9f00914-686a-4eed-93a8-ee88a3cdb11c,164,15,0,1
ca1c9624-b6d0-4dc0-a2cb-679423179e11,137,88,0,2
cacf3677-34f1-43e1-ad1d-abcd0c6c3d7a,220,47,1,3
cb0f07d8-227c-4f75-92f4-bad3029f9ebc,137,36,0,1
cb2b0dba-5269-4df4-9af0-9514db33eb1f,71,82,1,3
cb6e5511-e1f1-4d25-ba36-477062a13768,322,86,0,2
cc32fad3-63d6-4061-901b-238950ea0c14,365,115,0,2
cc3d6b1b-6317-405d-9b8c-b9fb93e7d020,173,56,0,1
cc4badc8-9178-4012-b903-c1de968427e9,243,39,1,3
cc84b116-debf-4475-a6ea-e847d5ab1d4e,12,14,0,1
cce1e03a-08bd-48d8-b5e4-d6e68a7c4f48,324,75,1,3
cd5494d8-2c1f-4073-86e3-2423e1c97238,129,33,0,1
cd61929f-c0ab-4c0f-9841-fff1e8df84b4,237,80,1,3
cda62b03-666f-4ffa-a4ec-763413c3099d,274,34,0,1
ce1bb991-69eb-4435-a059-8785b4da4173,203,39,0,1
ce22d29f-be30-4efc-913c-53e54e3e1119,145,9,1,3
ce8cbb73-5ee2-4352-b61e-a5c4d9d68287,222,30,0,2
d07921bb-a481-4924-8de0-ec7981a35fe7,112,69,0,2
d0a5fba3-a265-4151-b469-a06bc93eee06,133,50,0,1
d0fa1969-dcac-45b8-8dd2-0c729b0912fa,373,22,0,1
d14395fe-477e-4fa2-8436-de744b25cb14,30,38,0,1
d17ad6a3-03bc-404a-8e74-5c29411ddce5,298,47,0,1
d18e26fd-6999-4ab4-bf39-7fa2aaaeb6ee,135,95,1,3
d1b39d3f-2c44-4574-9e16-613ed3a32db0,279,44,1,3
d1b5b6ff-b4a1-4f5c-9e96-8c6d4f00c635,213,82,0,2
d1d0b39e-9b3a-40fa-9167-50b17cd48929,141,133,1,3
d1de85af-da76-406a-8ba1-963fce283db4,44,34,0,1
d1e3a7f5-40be-4bf4-9110-bb26360d8eac,84,48,0,2
d1f4b8d6-7a86-4c7b-8b0c-023ecfd68247,232,5,0,1
d2169a09-8df2-461d-a040-4810624b6bc7,315,102,1,3
d3471d5e-8795-492c-9571-e21298580f70,208,125,1,3
d3754d3c-aed6-4a4f-aa4e-841cec8d5762,282,140,1,3
d3799e84-f68f-4989-b32b-5cf653bebcbc,242,30,0,1
d3964b18-56dd-4d71-a46c-ab8a90bd8338,27,8,0,1
d3e882fb-c7ab-4278-9b8e-7e07cbcb187d,332,8,0,1
d41b6348-9675-4672-bc06-e870720408e0,29,38,0,1
d45688e7-2a23-4754-b233-3f2dc0a0a918,212,135,1,3
d45ef46c-b678-4e85-9877-f5343349f802,316,60,0,2
d46d048f-adc3-4350-b089-ca0f570a0ecb,166,89,1,3
d4c2d10f-f2f7-4b78-96dd-1b9587c66703,111,31,0,1
d4c4d671-1078-43c7-b652-07e96ae01392,147,61,0,1
d4e06390-81c8-41b5-9262-8b458002d263,206,32,0,1
d4f5b58b-4153-4d6a-b6ec-59e075b61919,46,87,0,2
d5575841-ee30-4cba-aca1-8c83b562b05e,369,69,0,2
d5aeed58-db4e-490c-9708-3e07d0a35497,175,55,0,1
d5b1d0df-775b-45ff-8a5d-332a9e1f0868,112,120,1,3
d5eecb23-0dcb-478e-a8c5-477518b445c9,109,1,1,3
d6171a41-3b0d-4c95-8ebb-0722bb4ae25a,154,102,1,3
d6241d62-7d1f-4c89-ba64-8dad83b5a284,69,34,0,1
d65566d9-5ba5-4500-9064-d2a9479c0e04,213,5,0,1
d69822d7-209c-432b-bd2e-ff8ed7e9c12c,77,18,0,2
d6b86115-68af-4635-b499-e6cc54b80376,318,3,1,3
d6e89f55-2444-42bb-a161-99a2f3cceebe,275,34,0,1
d6ffbc3a-9d8e-456a-bf51-5221c86a5f4f,120,35,0,1
d71cc6fe-f450-45dc-858d-dfee039978ed,117,38,0,1
d755ea5b-d911-49b4-b9d6-329de8ae05d8,36,56,0,1
d82609a5-6856-40d8-8046-b43b5d2c3ea6,298,37,0,2
d84ae3c7-1223-4c4a-86db-8032ee34a3c2,29,79,0,2
d84fc4c2-1dd8-4ac4-87b2-a605aeafd7a1,41,39,0,1
d852b1db-53fc-4aaa-85b9-c43f6e14f7dc,192,48,1,3
d8f16301-5bc9-4000-9303-b46ca421ddbe,166,48,0,2
dba54f27-e243-483e-82ed-bdd786f97d9b,128,83,0,2
dbb437e6-0ea0-42be-b574-47271a8530a9,189,34,0,1
dc13783d-c290-4a25-a66d-ad8b834eead7,360,140,1,3
dc9eab85-f0fa-4bec-b43a-e30648521856,274,124,1,3
dcb17fe6-77cb-46f2-b340-1edd47ff8d78,307,140,1,3
dcd6d697-b576-4730-abf2-485bb05b1840,10,50,1,3
dd388ffe-b920-4418-8680-e71710d9e03f,23,61,0,2
ddf2ab01-d92d-41e9-8e7a-12e19803db3d,158,125,1,3
ddf42a1b-cf98-46fe-bde6-c4670d38e153,317,64,0,1
de40a1cd-f023-4af7-b316-7d82e97ff758,302,100,0,2
de4be3b6-89f8-4e19-8e39-51b57ca454c6,97,15,0,1
df0acff6-ba9b-4f1b-ac9f-b1c968c96614,82,5,0,2
df3a58bc-3d84-4193-94c6-d85b8b64c535,44,1,1,3
df43d15f-74b4-4afd-a12b-5b76d8b76c92,85,77,1,3
df69a00a-4453-4c4e-af90-9a1d7fbcbc5e,190,53,0,2
df6a4690-bb79-4a6c-a7a0-e790ace4ac38,267,79,1,3
df94f49e-d3f4-4f7f-96ce-3ec89a02d0d0,165,68,0,1
dfd93d08-5942-4a71-9d23-bb09bf93a59e,171,10,0,1
dfed6981-3f1f-47ea-9f3b-088c6746dfb9,262,95,0,2
e0c6b2d0-ea7a-4918-89d6-bbe5c67b9ffd,126,72,1,3
e11bf4aa-3b39-4d4a-95c4-a6e62f9a5d26,354,15,0,1
e12e4fc2-8a55-4f1b-b777-cac4d8199982,19,55,1,3
e15defd2-60b0-42e1-bfaf-bbdcc770d6c4,123,80,1,3
e15f4d26-b9ae-4e0c-b3a9-8c9ab62599b0,24,127,1,3
e1a2efbe-bce7-4ae1-b4cb-bda70077391f,7,67,0,1
e1c0af18-e1d0-4fbc-b079-af31d0f82539,91,92,0,2
e1cded3d-6703-46d7-b885-0ec607bc70d3,78,50,0,1
e1e36c64-8ea9-423c-bef2-de31c8f39df7,297,125,1,3
e286e365-d059-4cc2-a831-35b94f4e9bfb,305,5,0,1
e2d36126-4b7c-4a39-8922-503cd82aff60,221,81,0,2
e2ec33a3-1b4c-456b-a50f-9cadfcd0169a,88,1,0,1
e31033a1-ace7-47ea-8bcd-1fd4ec3ccbfb,38,18,0,1
e324aa2f-59c5-48c2-82ab-2e08d5a6974a,229,127,1,3
e35dede5-4482-438a-a299-d626533b51ab,195,11,0,2
e45d0aac-7bd3-4ad7-8ac9-8bf647b5ddde,365,47,0,1
e4ac8846-22b2-41ff-8de0-7aafabadef6a,107,39,1,3
e4e9fb2e-d134-42fc-8531-5917017ab2e4,347,4,0,1
e5300588-f613-4b6f-90e3-01951be3f52b,363,12,1,3
e5757787-2191-4207-96eb-a56349f90470,61,6,0,2
e577b300-11e7-4f97-9efe-37f4586de038,222,144,1,3
e5d0e10b-ff94-4de6-8542-1019c5b6f97e,305,69,0,2
e60733bb-539c-4577-a4dc-710d3f62659e,369,33,0,1
e6a39ac4-4630-471f-9c73-efab22c7e69d,118,33,0,1
e6c95898-c4b3-4783-a2a1-c30de06d2070,111,120,1,3
e6d03c90-46f4-4935-8932-4d9e903cf1b2,378,29,0,1
e6d7d75f-3b7d-42bc-98c8-340b02d17129,76,5,0,2
e732e149-a81a-41c1-9ec3-b5dbef29b11d,370,93,1,3
e78f46e1-2fd5-407d-9149-753d113f35ab,262,22,0,1
e8309d38-78ba-48bf-a1ab-c0e4038c8ee7,261,155,1,3
e844ecd0-d96e-4968-8fce-d1a66fa84fba,372,142,1,3
e8495a67-2c8c-4173-845c-0171f18fa1bb,366,75,0,1
e8800eaa-2729-4257-925a-f1ae0cea8491,293,155,1,3
e89f044d-55a5-4397-ad0a-324d42954891,308,74,0,1
e8bfef6c-fbb4-437c-a8f9-5cce687752f9,261,50,0,1
e915c5d3-842a-4b6e-b7ed-c9cc6e7b9918,342,91,1,3
e93b8b04-d559-47c6-a670-27d3fbe05525,3,34,1,3
e9ced961-c0c8-47e5-b3a2-83332bcd9d80,232,8,1,3
ea1cd0d4-c1c3-455d-a050-225c24a2a68e,167,68,0,1
ea93d60f-def5-4378-b2e0-5de93044d600,186,6,0,2
eabc20c5-cbab-44dd-a915-03e0dae192ef,18,51,0,1
eadec6dd-c277-49e6-b24d-b8da1ab30e6f,311,31,1,3
ebad03bf-b172-4edd-bae1-0b57c4144dcd,301,147,1,3
ebb7aee8-dcb2-49e5-a091-22c42b0f0549,320,12,0,2
ed442947-fd00-4aaa-9261-ed9a9dd425dd,183,47,0,1
ed744029-1bb3-498e-90cf-89e373823e84,131,11,0,1
eda09bdd-a752-4ff8-b26f-1dcfae47d0cb,82,148,1,3
edbb2269-85a5-4af1-af75-7d5c8c8b045a,287,54,0,1
eddf3122-550e-492f-929c-e2263a26e4df,65,98,1,3
ee2f9dc1-ef97-46a8-a8ce-a73d1e0669c0,7,44,1,3
ee4a3581-1205-4a74-9b49-1c452254fe88,170,35,0,2
ee56edc1-12be-41af-8467-d2b8df1af414,131,75,0,2
efe98b28-d1b7-46f9-9592-f64214fbbe27,24,61,0,2
f0117782-1d9c-4257-b312-9624f01d608e,52,53,0,1
f052fecb-a66f-4b4f-a4fa-c0a6593e79a1,252,65,0,1
f0ed4739-0dc6-4ffa-97c4-77c14a482a98,176,55,0,1
f0efdaf9-3538-4e0c-8ef1-d874056dfc49,130,22,0,1
f0f2ee3a-e36c-4d8b-8781-d9b91a24fd24,52,127,1,3
f15ba8af-f981-4a68-8064-43537246ab27,90,142,1,3
f1c4f0cd-2d01-420c-a076-ea241cbda417,114,34,0,1
f1d9913e-0d8e-4910-a61f-c3dbc4908ee0,51,71,0,2
f218f550-9b4b-46f7-b65f-7d9104bf40b9,340,93,1,3
f23f477a-0d03-4a44-b38f-2b8c8aeb009c,72,29,0,1
f2cb5715-7235-4785-8bfd-d6bf83d257a9,133,91,0,2
f3338c25-6682-409e-9ec5-b045b2452dfc,343,26,0,1
f3c6cb95-59a0-4dde-9113-66b8b789cf8d,236,80,0,2
f3d77949-417a-40fb-b89c-9db964363fd3,321,46,1,3
f43044f1-89bc-415b-a1da-c6e443cfc9c9,361,39,0,1
f437fc94-6ab4-4659-9fed-0a93ac7ab177,127,104,0,2
f4c73abc-9728-48f7-aa28-ac49585517aa,132,150,1,3
f4e0bb75-96f8-4404-8c40-7a0cde7e8574,90,92,0,2
f53deb02-3d82-4864-a117-526b2484c897,332,11,1,3
f5ca86d5-162e-4730-bd82-458b704aa888,111,69,0,2
f666a227-cd3c-4b99-b74a-c2f5e82147d5,339,107,0,2
f66c517c-b9f3-472e-973c-28af127a1abb,47,6,1,3
f6abda18-dfe8-4909-9991-e3ae85826003,107,51,0,1
f6cf4c44-3623-4d8d-8d7a-a3e3e9027bf6,60,33,1,3
f6dea2d3-5324-4a8b-9794-2dbe44cb726f,49,110,0,2
f73c11c4-d8da-420f-90b0-9a6756d3faae,144,81,1,3
f75e7cae-eab2-4bd8-96d0-328aa885c4d2,295,113,1,3
f7959cc9-aed6-428a-9408-6fc1c5849b1e,367,33,0,1
f7bf1b13-af2c-4e83-949e-5404db4590b1,19,62,0,2
f8190dd6-e946-48f1-97ff-2b7e17bbb991,193,3,0,1
f86910e2-778d-4b09-b52c-53ba5286015c,123,101,0,2
f8a5f79d-2f48-462c-9530-9555718311c2,253,84,1,3
f8c264d6-0e9e-497f-9619-6f7b3e985aa1,132,7,0,1
f8ca1f0a-198a-4909-8028-5cd960960dff,214,153,1,3
f9613222-6c10-4fd1-bdcd-d38d53f374c3,67,80,1,3
f98a0697-9d4f-44b9-95dd-a76b9b11ef74,205,5,0,1
f994341e-1c10-4fe4-9214-038c7f3c4c5e,374,29,0,1
f99c1d21-7489-460f-89b6-db717c7d4551,368,93,1,3
fa6e4dde-2060-4493-9472-2d0f5f4eca12,267,68,0,1
fa779e4b-74b6-4480-ac96-3f51c4fe0864,162,119,1,3
fabc24ed-8e4e-48b8-a0b9-3c22784024bd,262,153,1,3
facd8e9f-5aac-44ef-ad25-86c610c219e7,198,15,0,1
fb57b0d3-b71d-4bae-9e9f-26b620ed6719,67,62,0,1
fbdd0ead-b800-471f-90bb-712ff84489e0,91,142,1,3
fd171319-6c31-450a-8507-7dc494f8a646,148,63,1,3
fd5fb629-ad05-490d-aed9-8dd62b4c0cda,345,114,1,3
fd98fa39-44e2-4fa9-9ec8-824765ff7f28,169,151,1,3
fdb06ec7-ad5e-4479-9453-a61a1128ce0a,375,29,0,1
fdb917e2-a99b-48b3-beba-e285b7c192f8,355,26,0,1
fe04426d-3578-4de6-a484-c1913b8345bb,233,88,0,2
fe167ab8-6adf-4fc6-b19c-8d6b4cf77893,180,57,1,3
fe5fcc01-17cb-4350-add4-93facb7f187a,77,50,0,1
fe986661-5c9f-4c86-a978-0bbbfe8e19bb,264,53,0,1
ff45eb33-b8a5-43c3-96fc-b6323104e287,270,33,0,1
ffb46607-9aa5-42db-b54d-24a7b98948a9,309,31,0,2
